{
  "homography_matrix": [
    [
      -0.696146323238539,
      -0.04708639180695328,
      238.6975847215506
    ],
    [
      -0.03667146499054984,
      0.7466169069491455,
      -509.15437782954604
    ],
    [
      8.268867302536152e-05,
      -0.006619077183420509,
      1.0
    ]
  ],
  "pixel_points": [
    [
      145,
      250
    ],
    [
      511,
      257
    ],
    [
      597,
      306
    ],
    [
      58,
      294
    ]
  ],
  "world_points": [
    [
      -196,
      510
    ],
    [
      196,
      510
    ],
    [
      196,
      310
    ],
    [
      -196,
      310
    ]
  ],
  "image_size": [
    640,
    480
  ],
  "calibrated_at": "2026-06-17T08:28:16.663447"
}